content,score
Matio,5
sangat cukup membantu,2
ğŸ¥°,3
bagus,5
sangat membantu,5
Ok,5
bagus banget,5
mantep,4
baik,5
mantapğŸ¥³,4
puas bangett.. makasih canva,5
sangat mudah dan bagus,5
Sangat membantu pekerjaan sekolah,5
"bermanfaat, terima kasih",5
mayan membantu aamiin,5
bagus tapi sering lag,5
sangat membantu,5
suka bngt,5
canva membantu,5
ğŸ‘ğŸ‘Œ,4
canva memberikan kemudahan bagi kita pengguna.,1
sangat bagus,5
sangat mudah dan bermanfaat,5
Ok baik sekali,5
ğŸ¤Ÿ,5
baru mau belajar,3
bagus sekali kembangkan lagiya,5
bagus apk nyaa,5
sangat bagus,5
kereennn bangettt huhuuuuğŸ˜­ğŸ˜­â¤ï¸Jadi gampang bangett dahh buat edit* foto & Vidio,5
terimakaih.. aplikasi yang sangat bagus,5
pembuatan poster sangat bagus dan menarik setiap buat,5
bagus untuk canva,5
sangat bagusssğŸ‘ğŸ‘ğŸ‘,5
ok,5
canva sangat membantu sekali dalam dunia per desain nanğŸ‘ğŸ‘,5
perveck,5
baik,1
Very good,5
keren,4
Sangat membantu,5
Maa Syaa Allah sangat baik untuk mendesain apapun itu,5
mantap dan lengkap,5
servernya suka lemot dan eror,2
Lintang,5
"sangat membantu dan mudah, mantap ğŸ‘",5
MEMUDAHKAN BANGET UNTUK BIKIN MATERI,5
Bagus banget aplikasinya aku sukağŸ¥°ğŸ¥°,5
Aplikasi yang bermanfaat,5
keren,2
Sangat bagus. Bisa membantu bagi meraka yang belum paham Ps,5
oke banget,5
bagus,5
Terlalu lemot dan bnyak bug,1
"Beberapa kali edit gambar pakai Canva lancar, fitur dan template nya banyak. Overall bintang 5",5
"aplikasi terkeren mnurutQ dlm dunia desain praktis bgt buat yg terburu"" buat desain",5
sangarrr,5
mantap,4
aplikasi sangat bagus,5
bagus,5
sangat mudah di gunakan,5
the best dah,5
sangat membantu,5
masih mencoba,5
sangat bagus aplikasinya sangat membantu dalam hal mendesain,5
mantap,5
cacad,1
Lucu,5
mantafppp,5
Sudah terinspirasi seluru indonesia,5
bagus,5
keren abis,5
mantaaappp bagus banget..,5
Good,5
Berguna,5
sangat bagus tapi harus lebih banyak pulihan warnanya,4
sangat membantu,5
"bagus banget aplikasinya, sangat bergunaaaa",5
mudah di pelajari,5
"banyak sekali desain bagus, sangat membantu",5
Lemot,1
ğŸ‘ğŸ‘,5
perfect,5
bagus banget,4
mantap,5
"Hasilnya bagus, mudah aplikasinya dan mantap",5
aplikasi good,5
Keren,5
membuat logo sangat bagus,5
"pertama kali coba, Bagus",4
bagus,5
Aplikasi ini bagus aku sangat menyukainya,4
Aku kok ga bisa ganti baju nya kayak ga ada letak fitur nya,2
Lemot banh,1
bgus,1
bagus bangett,4
top bgt,5
Mantab,5
Bagus skli apk nya,5
Cukup baik,5
sangat membantu,5
Bagus tapi jangan Lelet,5
ğŸ‘ğŸ‘,5
guud,5
keren,4
ok,4
disain mudah di pahami,5
"Awal aku pakai aplikasi ini bagus tapi setelah lama jadi warna putih,kalau udah di perbaiki aku kasih bintang 5",3
Bagusssssss bangttttttttttt canvaaaaaağŸ¥°,5
mantep aplikasinya,4
saya sangat terkesan dan berkenan untuk belajar,5
Bagus,5
Bagus buat bikin tugas presentasi,5
terbaik,5
mantaap,3
"Saya tidak pernah berlangganan di apk ini, mungkin teman atau keluarga tanpa sepengetahuan saya minta pengembalian dana syaa mohon",2
wooo,5
"Stay since 8th of october then i had to uninstall yesterday, i dont wanna made spamming or worsen due to my data breach",5
aplikasi terbaik,5
best,5
sangat membantu,5
mantaf,4
"Aplikasinya bagus banget, suka karena bikin tugas jadi lebih gampang",5
keren,5
Sangat membantu,5
bagus sekali buat pemula seperti aku,4
top,5
keren,5
Yeq,1
sangat membantu,5
buagooouusss,5
sangat baik,5
mantap,5
Baguss bangett membantu buat nilai,5
good,5
Bagus banget meski awalnya bikin pusing soalnya tidak paham ğŸ™,5
Aplikasi yang bagus & bermanfaat,5
baik,5
bagus dan mudah,5
sangat membantu,3
yang grtis lebih banyak lagi dong,5
keren,5
bagus,5
ok,5
Canva so great ğŸ«¶ğŸ»!,5
mantap membantu utk pengembangan usaha saya,4
Baru mau tes,4
sangat membantu dalam membuat tugas dan kreativitas,5
aplikasi canva bagus dan mantapğŸ˜„ğŸ‘,5
"ğŸ¤—Sangat bagusss dan bisa untuk menyelesaikan tugas dari sekolah ğŸ‘ğŸ‘ Apk nya sangat berguna, dan bermanfaat Dan cocok buat yg sedan mendesain gambar / pola untuk tugas atau lainnya",5
tidak bisa mendownload,2
sangat bagus,5
Sangat membantu untuk berbagai keperluan terimakasih Canva !,5
Aplikasi canva sanggat bagus dan memudahkan saya untuk mengerjakan tugas-tugas sy,5
Bagus banget aplikasinya,5
bagus,5
nice,1
Membantu Membuat logo dan desain dengan mudah,5
GOOD,5
Sangat terbantu dan mudah diaplikasikan. terimakasih,5
bgus,3
lemot anjir,1
good,5
Terimakasih telah mempermudah dalam membuat media pembelajaran sehingga semakin asyik.,5
keren,5
Aplikasi Canva ini bisa diandalkan sekali untuk membantu membuat persentase dan amat payah untuk membuat video terutama yang berkenaan dengan audio.,4
bagus,5
Aplikasinya mantul sangat membantu,5
Bikin kanva offline ğŸ˜•ğŸ¤ªğŸ¤ªğŸ¤ªğŸ¤ªğŸ¤ªğŸ¤ªğŸ¤ªğŸ¤ª,1
oke,5
ini gimana cara masuk nya ko ga bisa ua,3
ok,4
â˜ºï¸ğŸ™ğŸ‘,5
"Maaf ya canva ini bagus aku suka taoi kekurangan nya dia itu lemot bgt dan nguras banyak internet, apalagi klo buat poster pas buruÂ² trus lemot",3
baik,5
Mantaap,5
"Untuk mengedit video tidak disarankan menggunakan canva. Hasilnya jelek, putus-putus, susah menggunakan elemen lainnya dan lemot. Benar-benar bikin kecewa!!",1
Aplikasi yang sangat kreatif tapi sayang jaringan di tempat saya sangat buruk,5
alapyu,5
ğŸ‘ğŸ‘ğŸ‘ğŸ‘ğŸ‘ğŸ‘ğŸ‘ğŸ‘ğŸ‘ğŸ‘,5
mantap,5
hebat dan mudah di gunakan,5
keren,5
Kenapa canva gk bisa di buka pdahal sinyal banyak,1
bagua,3
keren,5
Kren banget semoga tetap the best,3
sangat baguss,5
bagus ğŸ‘ğŸ‘,5
teh daun kelor yang di proses di dalam suhu ruang dengan tingkat suhu berkisar 30 - 40drajat sehingga nutrisi yang ada pada daun kelor tetap terjaga,5
bagus dan canva nya bisa buat tugas,5
Keren pokoknya.,5
keren aplikasinya,5
knp g bs log in,1
keren,5
mantap bosku,5
bagus,5
bagus sekali,1
Mkasih yah hihi bagus kok,5
bayak bugnya sekarang gmna siiii udh ga sebagus dulu,1
sangatlah berguna,4
sangat membantu UMKM dalam membuat iklan produk. Terimakasih canva,5
bagus bisa edit fto/video cmn klo elemen mau yg lbih bagus harus pake canva pro yaitu harus bayar... ya pokok the best tpi sedikit susah untuk bikin ky poster pelajaran/dagangan... jdi sy hanya bisa mengasih bintang 4 saja dlu.. ğŸ™,4
ğŸ‘ğŸ»,5
"bug nya semakin banyak bikin kesel aja waktu ngedit. kurang nyaman kayak lag oading lama banget refresh berkali-kali masih problem aja. sinyal banyak, dan ruang penyimpanan juga masih banyak kosong nya. tolong diperbaiki secepatnya, karna menurut saya canva aplikasi yang sangat membantu perdesain-an:)",4
bagus,5
baguss,5
tks canva,5
mantap bingitsz,5
apk nya sangat bagus sekali,5
terbaik,5
keren bagus aplk nya,2
baik,5
Kalian wajib download karana fitur nya bagus terima kasih aku jadi suka trimakasih banyak sudah ada fitur fitur lain,5
Bagus,4
aplikasi yg bgus,5
MANTAP,5
ini cocok buat orang gambar sihh pokoknya bagus bgt dehhh,5
sangat membantu ketika membuat tugas mendesainğŸ‘ğŸ‘,5
sangat mudah digunakan,5
bagussssss,5
Tolong di perbaiki lagi saat untuk login ke akun belajar.id terkadang situsnya error,1
sangat bgus,1
sangat bagus,5
rekomendasi banget karena udah komplit semuanya,5
Salah satu aplikasi yang sangat bagus dan cocok bagi desainer,5
Berguna banget aplikasi ini,4
Bagus banget,5
bagus,5
sangat membantu untuk berkreasi,5
mantap bangat,5
this is so good to use!!,5
bagus sekali,5
bagus,5
"Sudah lama menggunalan aplikasi canva, tetapi minggu ini tidak bisa masuk, mohon pencerahannya min",5
sangat membantu,4
Sangat bagus,5
Canva sangat membantu saya dalam membuat vidio pembelajaran,5
bagus,4
"aplikasi bagus banget, cocok untuk berlatih bikin logo, bintang 5 sih",5
bagus,5
mudah penggunaannya,5
sangat bagus,5
kereeeee,5
Aplikasi ini bagus sekali untuk pelajar seperti saya.,5
"Aplikasi sangat bagus sampai sampai saya membuka aplikasi nya pun muter terus padahal sinyal bgus, sangat bgus sekali ,",1
"Krng bagus ketika ingin login membuat akun berkaliÂ² mncb tetap salah.Pdhl cara,tlsn email dan password sdh benar semua,tapi tetap tidak bisa membuat akun.There's still plenty of cellphone memory.Still can't. Dulu sebelum nya juga sudah punya, sengaja aja di hapus and also orangÂ² bilang this application juga banyak banget iklan,walaupun tidak gratis,tidak pantas juga seperti itu Please fix it immediately and dipermudah untuk membuat akun nya, Kasian yg lain g makai hp iphone jadi susah+ribet bet.",1
bagus,4
Sangat apresiatif utk canva krn super duper keren dan kreatif dg desain yg menarik dan kaya varian templet..... Banyak digunakan dalam segala aktivitas dan momenğŸ‘,5
bagus hasilnya,3
mantapz,4
"baik, bagus, berguna, asik mantap",5
Sangatlah bagus cocok untuk buat poster dan mengedit foto terima kasih canva,5
mantap,5
goodddÃ°d,5
sangat membantu,5
"terima kasih, App nya sangat bagus",5
Fiturnya sangat lengkap dan sangat memudahkan pengguna yang baru belajar desain,5
saya sangat puasss,5
bagus,5
ngeleg,1
sangat bagus,5
Sangat bagus canva,5
Sangat membantu dan mudah digunakan,5
Saya suka,5
Sejak ada aplikasi ini tugas saya semakin bertambah,1
ok,4
"over all good, mungkin di tambah lagi stiker lucunya dan aesthetic nya.. thanks ....",5
excited...luvâ¤ï¸â¤ï¸â¤ï¸,5
ok,5
oke,5
bagus bgttt,5
bagus untuk pembelajaran mengedit,4
Smart People.. Always have a Good choose,5
Ssngat maembantu,5
karena ga mirip sama microsoft,1
the best,5
baguus,5
good,5
bagus dana keren,5
Bro ini bagus Loch,5
saya suka sekali canva,5
aplikasinya bagus,5
puas,3
nice,5
ytta,4
"keren, cara termudah membuat brbagai macam spanduk dan bahan ajar",5
kerren,5
bagus,5
Sangat membantu,5
bagus,5
sangat bagus,5
Nganuu......,2
keren,5
aplikasi sangat membantu sekali .. sukses trus Canva ğŸ‘ğŸ‘,5
sejauh ini masih bagusss,4
aplikasi nya bagus dan mudah digunakan,5
Bagus,5
bagus,5
sangat membantu dalam membuat konten,5
"Sudah 3 tahun terakhir menggunakan canva Ok banget sih, buat edit foto, video, tugas, membuat media pembelajaran, dan lainnya. Fiturnya OK semuağŸ‘ğŸ‘ğŸ‘",5
"aplikasinya bagus dan sangat berguna untuk saya Karena bisa membuat poster atau apapun itu yang menarik, tapi tolong di perbaiki soalnya kalau misalnya kita taruh hp kita nnti dokumen nya hilang ğŸ™",4
Mudah dan praktis untuk membuat presentasi,5
Keren,5
"sangat bagus,dan sangat membantu terimakasih canva",5
"Maaf berkata kasar min, karena saldo tibaÂ² hilang aj, bikin panik ğŸ˜…",5
mudah dan profesional,5
lumayan membantu,5
Hei canva bisa gak kembaliin pulsa saya? Tanpa ada persetujuan untuk perpanjangan main potong2 pulsa orang ajh siij ğŸ˜­ğŸ˜­ğŸ˜­,1
bagus,5
sejauh ini paling jos,5
mantap,5
matapp,4
bagusss puollllllllllllll,5
bagus,5
bagus,5
mantap,5
bagus,5
meringan kan bebas skali,5
mntep,5
sangat baik,5
oke,5
"Aplikasi yang bagus, direkomendasikan ğŸ‘",5
emang jempolan ya... thank yak,5
bagus bangetttt.. wauuuu emezing...,5
bagus,5
bagus sekali,5
bagis,5
bagus sekali,4
ok,5
bagus,4
mantull aplikasi'y,4
Baik dan mudak pengerjaannya,5
kenapa sih sering banget lemot saat membuka elemen dll nya tolong lah padahal jaringan lancar bangett pas di canva kenapa jdi ngelagggg,3
Saya tidak bisa login canva menggunakan akun belajar id padahal semua nya sudah benar,2
Sangat membantu,5
"sangat membantu,kalo bisa semua gratiss",5
best app to design,5
sangat puas dn sangt terbantu,4
Bagus,1
"karena saat aku mau mengedit tampilan elemen nya ga muncul, pdhl jaringan wifi baik"" aja. PERBAIKI YA CANVAA ğŸ’‹ğŸ’‹",4
keren aplikasi nya,4
Good This is because I can make work faster,5
Setiap kali mau buat disain loding lama banget,1
baik,5
Mantapp jiwa,5
"Sebetulnya bagus, tapi kalau mau ngedit kadang lemot",3
"kereen, desain yang berguna untuk brbagai macam tujuan",5
keren dan praktis,3
"Bagus, tapi sangat sering crash (error) padahal sy pengguna yg berbayar, sy kembalikan bintang 5 klu sdh diperbaiki.",2
"Aplikasi, canva sangat memudahkan, para desainer, dan anak anak muda yang ber foto geafel, bisa mencari uang, dan sayang sangat senang, ada aplikasi ini. Puas......",5
sangat membantu,5
Error,1
baguss aplikasi nyaa,5
Harus,5
luar biasa,5
bagus,5
Aplikasinya Sangat bagussssğŸ¥°,5
lopeeeee,3
bagus dan elegan,5
"kerenn, ig kls ku jdi kecehh pake apk iniii",5
sangat membantu,4
bagus,4
bagusss,5
sangat recommend,5
cakep,5
aplikasi jos,5
"Baguss tapi kalau di akun saya gak bisa buat canva pelajar , padahalll sya pelajar",3
terlalu lama proses save filenya,2
terbaik,5
sangat membantu,5
Sangat membantu,5
"Beberapa waktu tidak saya buka dengan akun belajar.id Tiba"" logout sendiri dan ga bisa login lagi dengan email apapun...aplikasi force close terus",1
ada gratis nya,5
cukup membantu,4
ziarah,1
good,5
oke,5
sangat bagus,5
aplikasi juara,5
Gak bisa masuk aneh ni apk padahal sinyal bagus bagus aja,1
good,5
"bagus sekali,semua fitur lengkap dan bagus,saya menyukainya!!",5
"aplikasinya terkadang lag, tapi ada banyak berbagai kreativitas didalam aplikasinya, jadi menurut saya tidak buruk juga",3
"canva bagus si sebenernya tapi loading nya kelamaan, padhall sinyal juga kenceng tapi sayang lama banget kalo mau buka fiturnya gitu jadi males apalgi klo uda buat nugas sering banget ke gitu kelamaan tolong ya di perbaiki lagi.",3
Aplikasi yg sangat membantu di semua aspek pekerjaanğŸ˜‡,5
Ok aj,3
Loading nya lama banget,1
"Aplikasi ini loading lamaa sekali padahal jaringan saya baik"" saja saat membuka aplikasi lain.",1
bagussss,5
aplikasi sangat berguna elemen sama template nya juga pada bagus tapi hanya saja aplikasinya lemot banget jadi susah mau ngedit ngedit,3
aplikasi nya bagus ğŸ‘,5
sangat Bagus,5
"Bagus,,tetapi kalau lagi buat kadang ada yang ngeblenk",4
saya suka canva,5
Ihhh suka bgt aku sama aplikasi ini,5
"sangat membantu apabila ada tugas sekolah,dan membantu saya juga dalam mengedit foto,juga banyak templat templat yang menarik.",5
"Sorry min, bintang 2 karena video yang gw capek capek buat dri canva ga bisa di download",2
Mudah banget kalo mau design sesuatu tp lambat banget anjinggg ga cocok buat orang yang kesabaran setipis tisu ğŸ‘ŠğŸ»ğŸ‘ŠğŸ»ğŸ‘ŠğŸ» bisa ga sih di perbarui lagi biar ga lemot bgt gt,2
"bagus sih, tetapi banyak sekali template yg hanya bisa digunakan dengan premium jadi kurang memuaskan",4
sangat bermanfaat,5
ok,5
keren,4
mantap aja,5
thebest,5
good,5
Pokonya keren,5
good like,5
Dupserter,5
Pas Mau masuk ke room edit malah Closed ...,2
good,5
bagus,5
"Untuk ukuran khusus/ custom. Tulisan size cm tidak bisa di klik, posisi terlalu dipojok bawah. Tolong diperbaiki...",1
mantap,5
bagus tapi suka lama ngebuka nya,3
Baguss bgt aplikasi nya memudahkan buat edit,5
Canfa The Best Aplikasi Design,1
keren... luar biasaa... trima kasih Canva... baru pertama bikin... bener klu sebuah keajaiban...ğŸ¤©ğŸ˜,5
plikasi bikin poster terbaik,5
sangat baik,5
sangat membantu,5
Aplikasi ga jls untuk mengedit Lambat sekali buat kesal saja Pdhl jaringan bagus TPI ttp saja lambat ck,1
bagusss,5
Bagus tapi menurut saya apk nya di naikin lagi ya kak kualitas nya,3
bagus,5
"apk ini bagus banget bisa ngebantu ngedit ngedit tugas sekolah atau konten apapun, tapi kadang suka ngelag padahal jaringan baguss, kenapaa ya? :(",3
Bagusss banget sumpah,4
Udah dowload canva berapa kali tetap hasipnya nihil ga ada yang bener semua perbaiki kalau mau ratting nya bagus masih tetep ah ni yah udah aku dowload ulang tpi terhenti mulu apanya yang salah sihğŸ˜­ğŸ˜­,1
mantab kali,5
keren banget gan,5
Bagus,4
wow desain nya sangat estetik,5
mantap,5
"Aplikasi tidak jelas, apa aja pro harus bayar, terus pas udah bayar bikin bagan sering nge freeze padahal saya ip 14 aneh.",1
Membantu dalam pengeditan setiap kegiatan terutama media sosial.,5
Mungkin di sini aku harus mengembangkan bakat ku heheheh....ğŸ˜ğŸ¤Ÿ,5
sangat membantu,5
Bagus membantu buat tugas,5
Terbaik ğŸ”¥,5
mantap,5
bagus,5
baru pertama kali coba .. menyenangkan,5
membantu,5
Ini sangat bagus dan mudah di gunakan,5
kualitas burik,1
"Bagus banget, dan sangat membantu untuk mengedit dengan banyak nya template memudahkan saya.",5
"Fitur editnya lengkap, bgus juga buat bikin konten atau untuk tugas kampus",5
Awesome,5
lumayan bagus,4
aplikasi sangat memuaskan..,5
luar biasa,5
bagus dan membantu,5
"Suka banget, fotonya bisa langsung dijadiin pdf bagus buat ak yang males ngedit lagii hehehehehehehheheh suka banget pokoknya. Terus fiturnya lengkap bgtt, suka terimakasih canvaaaaaaww",5
keren,1
agak susah yhh bunğŸ¤—,5
puas aplikasi desain terbaik,5
Recommended!!,5
Lmott padahal wifinya lncar,2
terbaik,4
aplikasi ini sangat bagus,5
Adzkia nur Safitri,5
sangatbmenba,5
masih di pelajari karna baru pake,5
sangat bagus dan tidak ada iklan,5
"bagus,sangat mudah.",5
cool,5
Pelit,5
ğŸ‘,5
mudah dan cerdas,5
bagus memudahkan,5
mengecewakan..apk nya sering lemot pdahal jaringan bagus,2
sangat membantu pekerjaan,5
memang ajib ...saya puas menggunakan aplikasi canvaâ™¥ï¸â™¥ï¸â™¥ï¸â™¥ï¸ğŸ«°ğŸ«°ğŸ«°ğŸ«°,5
simpel dan praktis saya suka apk nya,5
sumpah ini app bantu banget buat poster dakwah,5
app yg sangat membantu,5
sangat bagus,5
GOOD JOB. MANTUL APLIKASI INI SUPER SUPER BAGUS.....,5
Mohon maaf ini kenapa canva tiba-tiba jadi burem yaa? Mohon diperbaiki,2
"Jaringan internet full,tapi aplikasi seperti berat sekali, loading nya lama",1
Ngeleg,4
bagus,5
bgus,5
BAGUSSS TRUSSS MEMUASKAN BISA MEMBANTU AKU DALAM MENGERJAKAN PEKEEJAAN SEKOLAHğŸ’—ğŸ’—ğŸ’—ğŸ’—,5
Bagus sih tapi gak bisa di instal,4
kok gak bisa dibukak knp ya kak,3
saya baru pernah mengikuti aplikasi ini,5
Sangat bagus buat gedit,5
lemot bangettğŸ˜­ ga di windows ga di hpğŸ˜­ nangis bangettt rasanya pas ngedit di canva hp pengen banget ku bantingg arghhhhğŸ˜­ğŸ˜­ğŸ˜­ canvaa ayo kasih aku iphone biar tidak merasakan betapa sangat amat teramat lemotnya aplikasi kamu iniğŸ˜­ğŸ˜­ğŸ˜­ğŸ˜­ğŸ˜­,2
Bantu bangettt,5
ok,5
aplikasinya sangat membantu dari membuat disaener hal pribadi dan yg lainnya pokonya bagus bngt deh ngebantu aku buat berkreasi juga makasii canva,5
bagus banget tapi rada ngelag,3
bagus banget intinya yg mau buat apa aja di sini ada,5
knpa pas ngedit ngk muncul fitur fiturnya ya? padhl koneksi saya bagus dn saya ulangi trus tapi tetap sama. mohon bantuannya,4
Sangat bagus aku suka,5
Bagus banget apk nya,4
mantab,5
ok,4
Keren,5
Editing yang berkelas,5
oke banget,5
bagus,5
sangat bagus dan terpakai buat yg di perlukan,5
Jelek,5
loading lama,4
baik,5
"Aplikasi apaan ,,game yg bwrat aja lancar jaya jaringan ,,,tapi bukak aplikasi ni kek babi",1
"kereeen,sangat mudah menggunakan nya ,trims Canva",5
"Aplikasinya bagus, memudahkan kinerja saya",5
Suka sekali,4
baguss,4
keren,5
ups,5
bagus,5
"I am very happy when trying and feeling how Canva is developing nowadays, especially in the AI aspect of it. If you could please improve the quality of the AI process, for example on the 'image expansion' feature which is still a little blurry when adding for multiple layers over and over again.â €â € â €â €â €â €â €â €â €â €â €â €â €â €â €â €â €â €â €â €â €â €â €â €â €â €â €â €â €â € Thank you.",5
"bagus bgt, buat pemula bagus",5
aplikasi yang sangat membantu bintang 5,5
mirip kinemaster,5
Canva bagus buat ngedit tugasÂ² aku sering pake kalo butuh,5
"Mantap, aplikasi yg bagus buat edit2 foto dan vidio",5
mantap sekali,5
keren,5
hasilnya bagus dan tidak ribet popoknya sat set sat set selesai,5
bagus byk fitur yg mempermudah kita sbgai pemula....,4
good job,5
bagus,4
keren,1
"sangat dibutuhkan untuk para siswa, mengesankan sekali",5
googd,4
"Overall aku sukak sihh sama canva karena ya buat edit fto feeds ig kelas jadi gampang,buat logo kelas jdi gampang dan buat edit fto gampang pokoknyaaaaa lopp buat canvaa",5
bagus,5
keren,5
Bagu juga tengks,5
kerennn,5
sangat Ok,4
mantap,5
masokkkk,5
keren,5
Kenapa aplikasi canva nya suka stuck di loading screen dan tidak bisa masuk ke dalam aplikasinya.,3
good for all,5
template CV nya bagus bagus,5
"aplikasi ini sangat berguna dan bermanfaat, terutama bagi saya yang merupakan seorang pelajar, dapat membantu dalam menyelesaikan tugas tugas sekolah berupa power point, membuat poster, tidak hanya itu bahkan di aplikasi ini bisa mengedit video, thank youğŸ”¥",5
Tolong bug nya di benerin suka stuck di loading screen,4
Bagus banget,5
bagusssss,5
good,5
bagussss,5
"Aplikasi yg wajib banget untuk di instal, krn fiturnya sgt bermanfaat, sehingga tdk perlu membayar jasa editing krn bsa edit sendiri sesuai dgn keinginan, dan hasilnya jg langsung bsa digunakan tanpa harus menunggu lama. Templete yg di sediakan jg sgt bnyak dan beragam.",5
Keren aplikasinya,5
keren,4
menarik,3
"canva sangat membantu saya dalam menyiapkan tugas,logo,dan kreatifitas untuk ig kelas saran saya perbanyak lagi tamplet nya ğŸ¤—",5
seruuu buat bikin tugas,5
Sangat membantu untuk promosi,5
Bisa di buat sarana pembelajaran,5
Mantap,5
aku sebagai pelajaran merasa terbantu banget,5
sangat membantu,4
sangat membatu sekaliğŸ˜,5
bgus,4
sangat membantu tugas kami,5
Bagus nih aplikasinya,5
Aplikasi ini sangat membantu dan mudah digunakan. Recommended,5
Aplikasinya sangat membantu saya dalam mengedit untuk keperluan bisnis saya..pilihan thema sangat variatif,5
bagus banget,4
sangat bagus,5
good,5
awalnya susah karena aku emang nggak ada basic desain tapi terbantu dengan semua desain yang ada di canva... aplikasi nya keren cocok buat pemula seperti aku,4
Niam gante,5
mau ngedit aja ribet,1
Canva selalu yg terbaik,1
"Aplikasi yang sangat bermanfaat,,, sangat mudah digunakan",5
mudah,5
Kalo mau pake aplikasinya susah banget padahal mau ngedit hari itu juga gk jadiğŸ˜¥ğŸ˜¥ğŸ˜­ğŸ˜­,2
Aplikasi desain terbaik..bakat desain saya jadi bisa terwujud berkat aplikasi ini.terima kasih Canva ğŸ¥°ğŸ‘ğŸ‘,5
"Saya sangat suka dengan aplikasi ini karena sangat membantu pekerjaan saya baik dalam meng- edit tugas saya ataupun membuat tugas baru. Kekurangannya menurut saya saat saya menggunakan PowerPoint pada apl ini sering lelet, saya harap pihak google dapat mengupgrade apl ini ke versi terbaru, Terima kasih",5
"Sangat membantu untuk pemula yg masih gaptek, karena dengan aplikasi ini kita dipermudah untuk membuat video ataupun edit 2 foto, saran diperbanyak menu2 yg mudah dan bisa buat video jadi sangat menarik",5
bagus,1
mantap,5
nice,5
"sangat membantu, dan juga memberikan kemudahan dalam menyediakan media untuk mengedit",5
mantap,5
sangat bagus dan membantu dalam pembuatan tugs ğŸ‘,1
coba lebih baik,5
sangat mudah digunakan,5
semua keren,5
MenyenangkanğŸ˜Š,5
fleksibel utk hp dan komputer bikin enak buat ngedit,5
bagus,5
Suport,5
"Akun belajar.id dan akun google tidak bisa log in, saya habiskan waktu berjam2 tetap tidak bisa. Aplikasinya kayaknya rusak soalnya kalo pake website canva masih aman, plisss diperbaiki mepet nih tugas",1
baguss,5
gak ada topik,5
bagus sekali,3
keren,5
"sangat bagus aplikasi nya, kerennyaâœ¨ğŸ‘",4
gampang cara editnya,5
good,5
Ga bisa buka aplikasi ini Tolong berikan informasi spaya bisa di bukağŸ™,2
aplikasi terbaik,5
terimakasih karena telah membantu kami,5
Sebenarnya canfa ini aplikasinya bagus Tetapi kalau mau ngedit itu kertasnya kurang lebar,4
cukupp baik,5
top,5
mantap...,5
"Kenapa saya tidak bisa masuk ke dalam canva, padahal udh masuk lewat email tapi tetap gk bisa masuk",2
Kok aplikasinya gak bisa dibuka di hp ya ?,1
bagusssssss bangetttttt,5
good,5
aplikasi bagus,5
bagus,5
aplikasi yang sangat meba,5
sangat keren,5
sangat puas,5
"Canva sangat lah anjinggg masa iya aku mau ngedit trs si canva nya muat ulang muat ulang trs ,abis tu gmbr nya ga munculÂ² ,trs klo lg d tingl sbntr hp ny trs mati aj lnsung kembali dan hrs mulai ulang ,siapa yg ga kesel coba udh berulang kali ak mencoba terus hampir setengah hariiii aku buka canvaa ,,bagi adminnn mohon di perbaiki !!!!! Saya tidak mau tauuu pokok nya kalo belum di perbaiki saya akan tetap mengasih bintang 1 kalo perlu gaush kasih bintang sama sekaliiğŸ˜¡ğŸ˜ğŸ˜ğŸ¤¬ğŸ˜¤ğŸ–•ğŸ–•ğŸ¶ğŸ¶ğŸ–ğŸ½ğŸ·",1
bagus,5
solusi digital untuk kreatif,4
sangat membantu dalam membuat presentasi,4
mantap â¤ï¸,5
perfek,5
terimakasih canva telah memudahkan saya mengerjakan tugas,5
ok,5
sangat bagus,5
mantap banget ğŸ’•ğŸ’•,5
badut bangetâ¤ï¸,5
ok,3
suka banget sama aplikasi canva,5
saya masih mencoba dan belajar menggunakannya ğŸ§’,4
app yg menarik n bagus,5
sangat cocok,5
sang baguu,4
baik,5
bagus mudah digunakan keren jg,5
sangat bagus,5
ok banget sangat membantuğŸ«°,5
"Sebenar nya aplikasinya sangat bagus. Tapi sayang sekali, sangat lambat. Padahal internet stabil. Tapi canva ini lemot sekali",3
Aplikasi ini memang bagus tapi kekurangan aplikasi ini adalah sering ngeleg dan suka lemot,3
good,5
sangat cocok untuk pemula dan seru,5
bagus deh,5
aplikasi ini sangat membantu,5
Aplikasinya Bagus Tolong Tambahkan Font Eurostile & Interstate ke Canva tapi yang gratis ya jangan di Pro.,5
bagus,1
sangat bagus,1
"template nya bagus""",5
Busuk apk nya tp boong bagusekali wajib coba dan donglod,1
bagus bangat saya suka sekali karna saya belajar mengedit dan lain lainnya,5
Tandai apk jelek buat gw,2
good sih baru sadar wkwkwk,5
Sangkat. Membantu,1
ğ‘ ğ‘ğ‘›ğ‘”ğ‘ğ‘¡ ğ‘šğ‘’ğ‘šğ‘ğ‘ğ‘›ğ‘¡ğ‘¢,5
keren,5
Apk nya sangat jaringan,2
Very good,5
"hapus background aja harus bayar, tapi bagus lah",2
Canva terbaik ..,5
mantap,5
Dilengkapi dengan fitur fitur yang sangat mudah di aplikasikan...,5
sangat bagus,5
bagus,5
semogsangat suka jd lebih bnyk karya,4
baguzz tapi banyak yg premium/ berbayar,3
baikkkkkkkkkk,5
terbaik,5
bagus banget,5
good,5
bagus bangett karena bisa berguna untuk pelajaran tpi ada yang aku gasuka ya ituu canva nya suka ngelagg,3
bagus,5
Bagus bgt,3
baik bagus bermanfaat,5
ğŸ”¥ğŸ”¥ğŸ”¥,5
sangat baik,5
masa aku g bisa login akum belajar sih,1
"canva emang mantep dah..,â¤ğŸ‘ğŸ‘",5
canva nya bagus sekali di simpan gratis pula,5
bagus,1
mantap,5
Gajelas banget jangan di donlod aplikasi aneh,1
mantap,5
good,5
sangat membantu,5
bagus,5
Cocok untuk di uninstal,2
TOP,5
Elemennya banyak yg gratis juga lucu-lucu. Saran sih bisa di mode offline,4
sangat membantu untuk usaha,5
terbaik,5
is the best,5
Aplikasi nya bagus banget bisa ngedit apapun aku suka ğŸ™ŒğŸ»,5
bermanfaat,5
Veryy goodd bisa edit ap aj dsini,5
good,5
saya gk paket premuin knpa saldo dana saya di ambil?? gak jelas banget nih apk,1
ğŸ˜©âœŒï¸,5
Aplikasi ini sangat bermanfaat untuk saya sebagai pendidik dan mudah untuk digunakan,5
"Canva sangat membantu aku untuk mengerjakan tugas dari sekolah, dan template nya juga unik unik, bisa membuat logo, infografis, dll. Aku suka CanvağŸ‘",5
keren,5
"I think this is quite good for editing photos and so on, but there are several shortcomings that might not be a problem for me",5
"Canva aplikasi design yg sangat bagus dan mudah digunakan khususnya untuk para pemula, karena tersedia ribuan template menarik dan mudah editing",5
"Buat ngedit video sih bisa, tapi pas up ke yt gak bisa diputar aneh",1
sangat memudahkan bagi yang gaptek sekalioun,5
"Downlod ini buat nugas hhahha, tapi bagus jujurly",5
sangat mudah buat pengeditan,5
Sangat rekomendasi banget bagi mahasiswa yang punya keperluan untuk bikin ppt di manapun tempat,5
Kok aplikasi canva saya gak bisa di buka?,1
bagus,5
bagus,5
personal,5
Bestt aplication i ever use,5
"kerennn banget,aku suka canvaaaaaanya",5
sangat memudahkan untuk mengedit,5
bagus buat ngedit,5
love canva,5
Sangat membantu,5
good,5
Jelek karena tidak offline,1
"mudah, cepat n memuaskanğŸ‘",5
"Sangat mudah, efisien, bermanfaat sekali.",5
bagus,1
keren,5
good,4
sangat memuaskan,5
sangat bagus,5
blomfaham.masi blajar,3
mantap banget asli,5
sangat bermamfaat,5
ğŸ—¿,5
lumayan membantu walaupun agak lambat,4
sangat membantu,5
aku puas,5
Aplikasinya sangat bagus,5
"Mantabe,Mudah menggunakannya",5
bagus,5
bagus,5
Ok ouyyyyz56xg g. F.bu7 hi v8i 88hjvh8 8 ku cuma bm nj97,2
keren ğŸ˜,4
bagus buat bikin poster,5
sangat bermanfaat,5
semuanya tersedia di canva. aplikasi ini sangat membantu. pokoknya terbaikk,5
7i55 umur he5,2
bagus banget,5
pengalaman seru pakai canva,5
ok,5
sangat baik,5
He,5
So good,5
mantap,5
ğŸ‘ğŸ‘ğŸ‘ğŸ‘ğŸ‘,5
sangat keren,5
good,5
Binta empat,4
bagus,5
bagus nyaman sangat membantu,5
keren,5
baik sekali,5
keren,5
ok banget aplikasinya,5
mantabbb kaleeee,5
Kalau kualitas pengeditan dan fitur fiturnya sudah ok kalau bisa fitur premium perbulannya di kasih murah sedikit .,5
sangat baguss makasih yang buat aplikasinya,5
"bermanfaat sekali untuk aku yg masih pelajar, jadi tau banyak hal",4
good,5
"sangat membantu, thankyou",5
good,5
bagus,5
membantu sekalii!!,5
mantap lah,5
bagus dan tingkatkan,5
niceee,5
Bagus,5
bagusssss,5
"Jaringan bagus"" aja tp canvanya g bisa dibuka pepek kau",1
sangat bagus,5
sangat baik,5
Bagus. Bisa dibilang simpel tp hasilnya lebih menarik daripada MS. Powerpoint. tapi sering gagal atau super lama prosesnya kalau lagi generate downloading video pakai hp. Di laptop aman.,3
karna cepat,4
Sangat maknjaaa,5
ok,4
bagus ğŸ‘ğŸ˜ğŸ˜Š,5
Alhamdulillah dengan canva semua jadi lebih mudah,5
susah '' gampang,5
Elemen dan tambahkan fto tidak bisa digunakan,3
mantap mantap mantap mantap mantap,5
applikasi bagus banget tapi sayang aga lemot,5
bagus,5
"Saya mau nambahin gambar, tapi tombolnya tidak muncul. Buang-buang waktu, ga guna, lu pikir lucu gini? Ngebug trus ni aplikasi. Di optimisasi lagi untuk perangkat android. Jangan bikin emosi nih",1
canva sangat keren,5
KENPA HARUS BAYAR,4
Bagus sangat saya bisa dipakai,5
sangat membantu saya,5
"keren bang, gw suka",5
Masyaallah baru tau aplikasi sebagus ini dan so memudahkan sekali,5
KEREN KEK NYA WKWKWK,5
Erwin Trinanda,5
"Than You,",5
Terlalu lelet,1
.kekdk,5
jos,5
Bagus,5
"Canva anjg lemot wait animasi nya bikin lama,, mending gausah di taruhin ğŸ–•ğŸ»",1
wow,5
mÃ ntappppp,5
bagus baget,4
bagus banget ğŸ¥° aku suka terima kasih,5
bagus dan memudahkan saya,5
ngeriu,5
cakep,5
tampilan sangat memuaskan,5
aplikasi canva sangat perfeck,4
sumpah kok tambah lambat Ya Allah,1
bagusss bangettt,5
bagus,5
"Terbantu banget sama canva, terimakasih canva",5
baik,4
suka bagus banget tapi buat login ke akun belajar susahhh,4
bagus,5
bagus pokoknya,5
mantap,5
Aku sukah,5
mantap,5
Aplikasi yang sangat bagus,5
aplikasinya sangat bagus walau awalnya lumayan bingung,4
"Aplikasi yang sangat membantu dalam membuat konten di media sosial untuk iklan dll, fitur dan elemen-elemen nya lengkap dan sangat mudah digunakan.",5
Berpikir kreatif,5
sangat bagus tapi saya agar gk tau ngeditnyağŸ˜ƒ,4
aplikasi nnya sangat membantu,5
Gak bisa bayar yang peremium karena para siswa ke susahan untuk membayar tolong di degar min,1
perlu ditingkatkan lagi,1
good canva,3
sangat membantu,5
sangat membantu aplikasi ini,3
jji,1
is the Beatles,5
perdana menggunakan aplikasi ini... semoga dpt membantu sy dalam kerja sy di sekolah.,4
Luar biasa,5
happy carnaval at independent day,5
good bangetttt,5
blm nisa,3
ok,5
bagus banget,5
"Saya biasa pake canva web versi gratis. Hari ini kaget kok gabisa download, ternyata semua fiturnya yg sebelumnya gratis sekarang sudah bayar. Cuma setting ukuran yg sebelumnya gratis sekarang sudah bayar. Padahal semua desain ada ukurannya, saya sudah coba ganti akun juga untuk download harus bayar. Jadi selamat tinggal canva saya harus ganti aplikasi lain",2
"Aplikasinya bagus banget, banyak juga template nya",5
like,5
bagus banget kalian wajib dowload aplikasi ini,5
aplikasi yang benar benar bagusâ¤,5
Bagussssd,5
bagus aplikasi,5
"Woee anjingg kemblikan dana saya, sy TDk pernh berlangganan atau memakai apk canva pro ngentott, seenaknya saja ngmbil hak oranggg",1
"Terkadang aplikasinya nge lag, terus kadang keluar masuk. Saran saya hanya perlu diperbaiki saja.",3
sangat baik,5
Gabisa di instal.,1
bagus untuk membuat poster,5
sangat bagus,4
mantap,5
ok keren banget,5
Bagus banget,5
Bagus pol,5
Bagus banget soalnya biasanya ngebantu aku bikin desain buat kerja informatikaa nilai ku ngedesain pakai canva jadi kerenn,4
bagus,5
makasih,5
sangat bermanfaat untuk seluruh pelajar dan mahasiswa,5
good job,5
"Sangat praktis, mudah digunakan, dan membuat design sesuai ide kita ğŸ¥°",5
sangat membantu.. terimakasih,5
Juara 1 aplikasi paling lemot ğŸ˜ğŸ‘,1
"Aplikasi sangat bagus, fitur lengkap dan tidak lalot, sangat membantu dalam mengedit foto dan video",5
Iseng aja,1
nice bagus no blurr,5
mantap,5
"Bagus, gak banyak iklan",5
sangat bermanfaat,5
good,5
baik sangat membantu,5
ok,5
sangatttt bagus dan membantu,5
bagus,5
sangat bagus,5
Bagus banget gila!!!,5
ğŸ‘,5
bagus,3
bagus,1
good,5
Sangat memuaskan,5
sukaaa Bgtt bisa bantu kita buat tugasss,4
mantap pokoknya,5
mantap untuk guru,5
bgus,3
mantap,5
keren,5
sangat memuaskan,5
bagus,5
mantap,5
aplikasi yang sangat bagus,5
bagus,5
cepet bisa kuasai desain,5
bagus bngtt apk nya,5
mantep,5
bagus,5
Baik dan bagus,5
sangat bagus saat ingin membuat presentasi dan membuat logo,5
jos,5
mantap,1
Bagus ğŸ¤™,5
Bagus banget aplikasi nya,5
luar biasa,5
Bagus bangt nih apk tapi 1 masalah pas login pake akun belajar.id malah ngak bisa Itu doang kekurangannya pas udah login malah harus update padahal udah latest update,5
sangat sangat bagus dan bermanfaat,5
sangat bermanfaat,5
"sebenarnya canva ini sangat bagus membantu tugas presentasi saya, tapi saat saya ganti akun biasa menjadi akun belajar id dia tak bisa terdaftar, saya sudah uninstal dan download lagi tapi tetap tak bisa mengapa tak dapat diakses canva. ???!",3
mantap,5
Top,5
keren,5
manthab....,5
"sangat membantu, pekerjaan jadi ringan",5
Bagusss,5
bagus cocok buat logoğŸ‘ğŸ»,5
mantap,5
"Canva egois waktu itu ngedit berjam jam di laptop pas mau di save kaga bisa, yaudah deh gw nyerah aja 3 jam cari cara buat save tuh. Save buat di edit ulang pun gabisa... Gatau males lagi pake canva",1
Min kenapa saya udh jadiin ppt kenapa gambar tidak muncul cuma tulisan dan background berwarna doang ??,3
good,5
Saya kasih bintang 3 dulu yaaa,3
bagus buat pemula,4
Ok,5
the best,5
"Makasih canva, Aku dapet kado lucu gara-gara kamu ğŸ¥³",5
sangat membantu,5
top,4
"Apaan nih aplikasi, eror mulu pas masuk.Loading-loading gak jelasss,padahal jaringan internet lancar.Udah pake yang berbayar percuma.Sama jeleknya",1
terbaik,5
aplikasi mantap coiii,5
Baru mencoba,3
good,5
keren,5
wowwwwwwwwwwww,5
bagus sekali menggunakan canva,5
good,5
sangat membantu makasih udah menciptakan ini,5
good jobs,5
memuaskan,5
bagus pokoke,5
istimewa,5
Kurang suka soalnya gajelas,2
Gak bisa nhedit eror,1
bagus,5
mantap men,5
ok,2
ğŸ‘ğŸ‘ğŸ‘,5
baik,4
sangat membantu desain,5
mudah untuk mengedit,5
"bagus, sangat bermanfaat",4
suka sekali dgn app ini smoga semakin maju,5
Entah mengapa sejak september ini canva menjadi sangat lambat bahkan tidak bisa dibuka padahal internet sudah sangat kencang. Mohon segera diperbaiki,2
sangat membantu,5
aplikasi yang sangat bagus,5
bagus,5
mantap,4
wapik,5
Bagus,5
Kenapa aku sudah berkali kali download aplikasi canva tapi tidak bisa masuk terus ya padahal lagi butuh banget,1
puas,5
bagus,5
"Lemot bet kalau jaringan tiba"" hilang gabisa menghubungkan ulang",3
seru banget,5
Bagus kenapa selalu suka lemot,4
sangatembantu,5
memudahkan mendesain ppt,5
terbaikğŸ‘ğŸ’¯,5
ğŸ‘,5
"Aplikasinya LEMOT BANGET!! Mau ngesave project aja susah, tulisan unduh ga bisa di klik!",1
Sebener nya canva itu bagus tetapi mengapa saya mengedit selalu lemot?,2
sangat baik,5
canva keren banget dan juga bagus banget,5
"Canva Aplikasi edit terbaik menurutku karna untuk mengedit foto lebih banyak pilihannya,Dan Banyak template menarik!",5
suka,5
sangat membantu,5
Bagus banget aplikasi ini untuk edit foto,5
bagus,1
bagus banget dan mudah,5
"good application, I love it",5
isjsk,5
keren bagus banget,5
Manatap editing,5
Aplikasi sangat bagus dan membantu bisa di tingkatkan lagi menu nya menjadi lebih lengkap,5
bagus,3
"Fitur Disini Bagus Banget, Lebih Gampang Dan Simpel!",5
Hmmm apa sekarang buat ukuran khusus di hp yang cm nggak bisa diteken sebellğŸ˜¡,1
sering ngeleg,4
The Best,5
sangat baik untuk tugas mendisein tugas,5
To bad,1
"bagus tapi kurang, au ah Bingung ngejelasin nya",5
Aplikasi yang memudahkan untuk mengedit secara cepat dan hasil maksimal,5
sngat bgus aku suka bngt sama apk ini,5
"Apknya bgus bgt....berguna untuk mengedit foto/video, membuat logo,membuat poster DLL dan udh tersedia template jdi jgan khawatir untuk yang gak bisa membuat logo,poster,mengedit foto dan video karena template nya banyak bagettt dan juga bagusÂ²,terima kasihhh Canvaaa.",5
menyenangkn,4
sangat bagus,4
Mantap Canva,5
mantap sangat baik,5
keren,5
ok,5
jozzz,5
cukup menyenangkan buat saya yang blm punya pengalaman dalam mendesain gambar,5
ok.mantap,5
bagus dan mudah di pakai,4
sangat berguna,5
ok baik,3
jren,5
"mudah di pahami fitur nya, utk yg baru download g bakal bgung.",5
Ini apknya mantal,5
mantap,5
masih belajar jadi belum terlalu bisa,4
memuaskan,5
sangat membantu,5
sangat membantu sekali,5
mantap,5
baguusss bngett bisaaa buuatt keperluan sekolahhğŸ˜­ğŸ˜­ğŸ™ğŸ™,5
ğŸ‘ğŸ»ğŸ‘ğŸ»ğŸ‘ğŸ»ğŸ‘ğŸ»ğŸš©ğŸš©ğŸš©,1
baik,5
"Aplikasi yang bagus dan user friendly, bisa edit berbagai macam. Kebutuhan dan bs menunjang bisnis dr HP semoga fitur2 semakin diupdate ya :)",5
keren asli gak pernah mengecewakan,5
kontolk,1
best,5
gatau lah jangan tanya saya,4
bagus dan membantu bngtğŸ™,5
Aplikasi nya bagus,5
Kenapa eror tdk Bisa di gunakan,1
Kenapa tidak bisa unggah font lagi di canva,2
bagus banget buat ngedit tapi harus beli premi dulu kalo mau gada watermarknya hadeh,5
mantappp..mengekspresi...,5
"Sangat membantu bagi saya pelaku umkm. Terimakasih telah menciptakan aplikasi yg sangat bermanfaat dan mudah untuk digunakan, bebas iklan dan up to date â¤",5
kereenn bgt pokonya,5
benar benar membantu,4
bagus,5
keren,5
keren,4
Aplikasi boros data. Jaringan harus bagus. Tolol gk usah didownload. Ada fitur pro yg menggangu.apl suka ngebug,1
"Saya senang dengan canva ,semakin terbang tinggi",5
bagua,5
goog,5
butut,1
sangat bagus,5
belum bisa menggunakan nya,4
mantap,3
mudah di gunakan,5
bagus banget aku bisa desain sepuasnya love canvaa,5
"bagus, sangat membantu",5
Tidak bisa didonwloat padahal jaringan full,1
"Fitur sangat lengkap untuk pengeditan foto dan yang lainya,,,,,dan untuk mendapatkan fitur premium juga kita bisa akses melalui akun belajar.id yang dari guru sekolah kita. Namun sangat lah beribu ribu sayang,,,canva tidak memerhatikan fitur fitur dasar dalam pengeditan teks Terutama untuk menambahkan warna gradiasi di sebuah teks itu gak bisa terus untuk efek 3d mensi nya juga belum pas Terus transfarasi untuk memudarkan ujung foto juga belum pas Tolong Adain dulu fitur fitur dasarnya",3
sangat asik,5
keren,5
kren,5
ok,5
Terbaik,4
huhuhu,4
sangatlah membantu,5
bagus nih,5
ğŸ‘,5
inibsangat bgus,5
sangat bagus,5
ok banget,5
good,5
aplikasii terbaikkk dan favorit kuğŸ¥°ğŸ¥°,5
bagus,5
I can't refund my purchasing !!!!,1
menarik,5
"Alhamdulillah, dipermudah dalam menyelesaikan tugas dengan adanya canva",5
saya kasi bintang 4 baru mengunakan,4
sangat membantu,5
keren,5
oke,5
mantap,5
mantap,5
Aplikasi yang mantap dan praktis untuk bekerja secara mobile,5
ğŸ‘ğŸ‘,5
Very good app,5
sangat bagusssssğŸ–•,5
"Keren dan simpel perpanjang yg free ibadah bagi mereka yg sedang belajar,,, thx",4
mantap,4
sangat membantu untuk membuat desainğŸ‘Œ,5
Ok,5
bagus ğŸ˜ğŸ‘,3
mantap,5
Ke install nya lama banget,2
bagus,5
gak tau cara pakai buat promosinya sangat ribet,5
Kenapa akun belajar saya gak bisa masuk,1
Great!!!! Sangat membatu sekali dalam fitur juga variasi lumayan lengkap,5
mantap,4
Canva aplikasi editor gambar terbaik,5
bagus,5
SUKAA BANGETS,5
bagus,4
bagus banget buat belajar,5
baik,4
"bagus, bermanfaat.",5
Bikin rusak Hp. Semua jadi lemot,1
gampang pemakaiannya,5
keren,5
Bagi saya Canva itu bagus sekali untuk pelajar di Indonesia karna kalo tidak ada Canva mungkin aku enggak akan membuat Instagram kelas yang bagus tapi semoga Canva lebih cepat berkembang dan banyak mengeluarkan fitur fitur baru terima kasih Canva ğŸ˜Š,5
App tai,1
aplikasi sangat bermanfaat.,5
tidak cukup uang untuk berbayar di gratisin boleh nggakkk!!!!,1
sangat bagus,5
sangat bagus,5
bagusss,5
kbagusss,5
good,4
nice,5
Aplikasi yang sangat membantu dalam membuat desain/edit mengedit/ logo dll. Tapi masih ada kekurangannya yaitu bug. Tolongg perbaiki... Terimakasih,4
nangis bgt padahal gak premium tapi uang di dana ku ke potong 100 ribu padahal itu uang terakhir :(,1
bagus,4
sangat membantu,5
"P, tolong ya fiturnya diperbaiki dengan benar. Editan pacar saya hilang semua jadi ngulang dari awal lagi, iya kalo hanya 1 ini bejibun dikira ga cape apa? Bikin menghabiskan waktu saja.",2
bagus,4
bagusss,5
9lmmmlmm ammmammm,1
memang mantaplah untuk desain..,5
luar biasa,5
melieurkan,2
Kenapa susah banget sih masuk pake akun gmail yang udh terdaftar,1
top,5
"Apk terlalu berat, WiFi aja ngga ngakat pakenih apk pada hal buat stream bagus aja tuh jaringan...menurut gua nih apk jelekk",1
"sangat membantu saat membuat poster, tugas",5
Saya tidak bisa meng updet nya,3
sangat bagus,5
sangat membantu,5
"Canva aplikasi editor yang keren!! Tapi sayang, canva lambat merespon. Saya hanya berharap canva diperbaiki lagi agar lebih mudah lagi. CANVA MEMANG KERENNN!! I will love canva â¤",4
ol,4
good,4
lumayan bgus,3
apk ini sngt bagus dan membantuu,5
Aplikasi ini sangat membantu kita dalam mempermudah editing.. Tidak perlu repot repot lagi.. Keren,5
keren tp sayang udh login akun belajar id eh canvanya malah eror,4
kelamaan klo mau unduh gambar,2
goood,5
sangat berguna,4
bagus,1
Fiturnya udah komplit hanya saja makin kesini jadi lemot banget bahkan hampir tidak bisa di buka padahal sinyal bagus.,2
Gak bisa login kntl,1
"aplikasi canva sangat bagus untuk membantu pekerjaan saya selama ini,saya sangat suka aplikasi ini.",5
Banyak magfaatnya,1
"Aplikasi ini sebenarnya bagus tetapi lag nya terlalu parah, loading terlalu lama, padahal saya gunakan untuk aplikasi lain yang lebih berat lacar - lancar saja, mau sampai kapan aplikasi ini masih mah loading nya lama terus dan banyak bug? Mohon di balas developerğŸ™ saya ingin tau jawaban Anda, Developer.....",1
bagus,4
jos,5
terimakasih banyak sekali aplikasi canva ini sangat membantu sayağŸ™,4
sangat cantik kiyuuu,5
Good,5
"Sangat membantu dalam tugas editan saya, Thanks CanvağŸ˜",5
Diluar ekspektasi,1
apk nya sangat bermanfaat ğŸ‘,5
kerja bagus,5
Apk lemot,1
bagus menarik,5
"Halo kak, saya coba login tapi keterangannya alamat email tersebut telah dihubungkan dengan akun Canva dan tidak bisa masuk itu gimana ya?",3
hallo developer saya ingin mengatakan kalo kenapa saya dowload canva buat tugas sekolah tapi loading masuk ke canva nya lama dan gabisa kebuka di hp tolong diperbaiki lagi,2
aplikasi ini bagus,5
Enak kerjaan kita terbantu,3
Nge-lag banget ajg,1
Gabisa login akun dan selalu menutup aplikasi sendiri,1
Di coba Dulu ya,3
membantu perkuliahan,5
g asik,2
"Aplikasi nya baru di buka sudah buat saya kesel padahal jaringan oke,terus memori internal banyak tapi ngak bisa di buka aplikasinya selalu saja muncul tulisan muat ulang ğŸ—¿ğŸ—¿",1
mantapğŸ‘ğŸ‘ğŸ‘ğŸ‘ğŸ‘,5
Sangat membantu,4
mantapsh,5
bagus,5
Aplikasinya masih banyak bug banyak banget bug landscape lah bug gak bisa pencet apa apa lah ini aplikasi masih cacat tolong segera diperbaiki kalo tidak lama lama ini aplikasi jadi aplikasi sampah dan saya pas ngedit padahal saya cuma nempelin 1 foto tapi harus bayar dasar apk mata duitan.,1
"Sangat membantu pelajar pancasila di waktu seperti ini yang hari hari di beri tugas untuk membuat ppt dan presentasi, ssmoga fitur fitur canva ke depan semakin canggih",5
"Keren bgt pliss,bisa buat design bajuu,design posterr,dan lainlainn",5
baguss,5
"Aku kenapa ya gk bisa masuk pakai aku belajar padahal sebelum aku update udah bisa, tapi kok sekarang ada tulisan ""canva mengalami masalah teknis "" Ini sebenarnya kenapa plisss aku butuh buat belajar ğŸ˜­ğŸ˜­ğŸ˜­ğŸ˜­ğŸ˜­ğŸ˜­",3
Aplikasi nya bagus buat ngedit maupun buat tamplet pembuatan CVğŸ‘ğŸ‘,5
bgus bgt ğŸ˜Š,5
Good Job,5
membantu bagt,5
Lemot,1
baik,5
"Sangat baguss, gampang dimengerti untuk desain pemula sepertikuuu, rekomend dehh pokoknya",5
ngebantu bangetttttt,4
good apk,5
sangat bagus,5
sangt bagus,5
"tolong yaaa min,saya dari tadi udah hampir 2 jam nungguin loading buat premium ga bisaÂ² pdhl singal saya bagusss tdk macetÂ², tolong perbaiki segera,saya tunggu respon kalian.",1
Sejauh ini cukup baik,5
Aplikasi ini membantu sekali Didalam bidang sekolah juga,5
Ok,5
Edit Yang bagus sekali,5
keren,5
AA lucu aku suka,5
bagus,4
Aplikasinya sgt bgs utk editvideo dan foto jg lagu,3
Sangat membantu,5
Lumayan untuk pemula,4
sangat puasss,5
mantul,5
good,5
saya sangat suka sekali,5
aplikasinya berjalan sangat lambat,2
canva ini bagus untuk apapun dan lengkap lagi,5
perbaiki lgi,4
sangat bangus,5
ketika di download selalu loadingnya luama bgt & tetep gk bisa,1
Canva ini sangat bagus dan semua gambarÂ²nya sangat aestetic,4
Sukses,5
"canva luar biasa, great",4
UNTUK FITUR RUBAH SIZE KOK ILANG DAN MAKIN SUSAH LEMOT ENAKAN YANG DULU SMOOTH FITUR BIASA CUMAN OKE,1
good as hell,5
nugas bro jangan males,5
Sang at bai)k,5
Error gak bisa dibuka,1
bagus,4
mntp selalu diandalkan,5
terbaikkkk!!!!!!,5
bagus sekali,5
"Sangat bagus,cocok untuk mengedit",5
good,4
terbaik,5
"Sangat membantu dalam mendesain konten entah itu untuk business maupun untuk kepentingan pribadi, berupa foto, video, atau keduanya . Semakin banyak pilihan desain yang menarik, dengan warna-warna yang elegan. Dengan canva membuat promosi jualan semakin eye catching. Tidak hanya itu, kita juga bisa bikin daftar, bagan, tabel, juga quote-quote yang relevan dengan kehidupan. Tinggal pilih desain mana yang ingin dipakai untuk konten kamu, juga quote mana yang relate dengan keadaan kamu.",5
mantap,5
oke mantap,5
sangat membantu,5
"terimakasih canva, membuat segala sesuatunya menjadi mudah",5
greatğŸ¤©ğŸ¤©,5
bagus,5
guud,5
ngune,5
"Akhirnya dapat aplikasi yang gak bikin pusing kalau lg ada tugas presentasi, disini template nya banyak bgt yang menarik",5
bagus banget,5
Alhamdulillah udah dibenerin sama Mimin nyağŸ¥° makasih ya minnn....,5
sangat bagus untuk mengedit foto danembuat logo ğŸ˜,5
Sangat membantu,3
kebanyakan yang gak bisa di buka karna pro,4
aku suka sama desain nya bagus bagus semua tapi harus bayarğŸ˜­,4
Tidak beguna,1
Aplikasi sangar keren,5
bagus banget aplikasi nya.. sgt mmbantu,5
mantab,5
Bagus,5
keren Amazing,4
bagus,5
is the best untuk pemula,5
"Aplikasi yg sangat bagus. Bnyak fitur"" nya dan sangat mudah d gunakan.. ğŸ˜‡ğŸ˜‡",5
sangat membantu untuk pelajar,5
Siapa saja bisa jadi desainer grafis,5
KUONTOLLLLL,1
aplikasi nya bagusssğŸ‘ğŸ‘ğŸ‘ğŸ‘,5
Istimewa hasilnya...,5
keren,5
"Bagus,berguna sekali Buat pembelajaran",5
Bagus si wirr,5
aplikasi sangat baik,3
jos,5
Sagat bermanfat,5
Sangat cocok bagi anak muda,5
"puass ,baguss bangettt!!! ga kecewa sama sekaliii",5
aplikasi mudah di gunakan dalam hal mengedit dan sangat membantu sekali,5
nice spk,5
Gabisa download file padahal bukan Premium,1
bagus,5
bagus,3
Gk suka aja,1
bagus cedde,1
"untu fitur AI tingkatkan lagi,,dri segi fitur dah bagus",5
Gj jing kaga bisa log pake google sekolah,1
aplikasinya sangat membantu,5
Lelet bangett versi mobilenyaa,1
mantap men ga usah download udh ada di google gratis cokk,5
Bad,1
Sangat lama waktu yang di perlukan untuk menyimpan satu foto. Mohon segera di perbaiki.,3
Cara menyimpan file terlalu sulit,2
Oh,3
ğŸ˜ğŸ˜ğŸ˜ğŸ˜ğŸ˜ğŸ˜,5
nice,5
Alhamdulillah selama ini sangat membantu dan aplikasi nya mudah di aplikasi kan,5
keren dan memudahkan,5
bagus,5
"Wow,, Luar biasa sekali. membantu UMKM utk Promosi good Luck Canva",5
"bagus, dan bermanfaatl",5
good,5
Aplikasinya lemot,1
"Kenapa ga bisa terus login yaa, setiap mau login malah selalu masuk ke browser. Padahal butuh banget aplikasinya buat bikin tugas ppt",2
mantaaap,5
Kacauuuuu dulu pertama bagus sekarang hadeuhhhhhh. Hasil edit video enggak bisa di unduh sudah nunggu 2jam,1
"mantap, bebas berkreasi",5
sangat mempermudah pekerjaan saya,5
apk mantap dan ringan untuk dipakai,5
baik,4
sippp,5
ok,5
keren banget,5
bagus banget,5
mantap betulll,5
goodddd,5
aplikasi nya keren bngett,5
nice,5
Menjadikan kreasi lebih bersemi,5
ok,4
bagus,5
mantaplah,4
bagus tapi belum mengerti benar,5
hel my jobs very good,5
emezing,5
nice apk,5
kasih 1 dulu soalnya lum faham enakan di aplikasi youcat,1
Makin lemot aja,1
bagus bagus !! Sangat sangat membantu sekali ğŸ˜,5
sngt baik bagus dan kereatif,1
"sebenarnya sudah bagus, fitur, dll nya sudah bagus,tetapi kenapa kendalamya selalu di jaringan ya?, padahal koneksi bagus,ram cukup banyak, aplikasi sudah di tutup paksa dan dimuat ulang, tetapi tetap saja seperti itu, bahkan aplikasi yang tidak si gunakan pun sudah dihapus tetap saja begitu, tolong di benarkan ya bug nya, terimakasih",3
puas.bagus bgt,4
good style,5
ğ–›ğ–†ğ–Œğ–šğ–‰ğ–˜ğ–Šğ–ğ–†ğ–‘ğ–,5
baik sekali,5
SUMPAH LEMOT BGT CANVA SEKARANG,1
"Aplikasinya sangat lemot, buang waktu nungguin gambar terbuka, padahal jaringan bagus, memori banyak, baru saja di perbarui, kecewa sama canva, padahal dulu masih oke, tapi sekarang mlh makin lemot",1
bagus,5
aplikasi canva sangat membantu sekali walau saya rada2 bingungğŸ˜ğŸ™,5
lopeeeeee,5
Good Apl,5
"Aplikasi Ini Sangat Bagus, Aku Sangat Menyukainya ğŸ¤©",5
mantap jiwa,5
kk tolong dong di apdet yang bisa di hapus kk aku salah pencet terus itu juga aku jadi yesel dan aku hapus tetep masih ada,2
"mantap, keren",5
bagus mantap,5
Canvany makin lama makin aneh masa unduh vidionyg udah di edit ga bisa bisa pdhl aku udah hapus semua apk yg berat ttp ga bisa sampe seharian nunggu loading ny lama ngebug jga gajelas sumpah,3
sangat keren membantu Banget,5
bagus,5
luarbiasa,5
bagus tapi lama kali ngunduh ya,4
aplikasi nya baguss saya suoa sekalii,5
keren & sempurna,5
ajibb,5
gak bisa pakai canva pro,4
bermanfaat,1
kadang lemot malesin,3
bagus banget aplikasi nya,4
Aplikasinya sangat membatu dalm mengedit...,4
puas bngt sama hasilnyağŸ˜,5
dapat membantu,4
Ribet susah,1
sangat membantu,5
cukup baik,4
sangat bermutuh bagi pekerja yang membuat cv,5
Ggmu,5
Tampilan makin buruk untuk HP,1
"Kalo udh tau algoritma pengguna, pasti langsung di bikin pro bahan"" element nya",1
"Edit design logo jd lebih mudah, dg beragam fitur yg menarik, mempermudah pekerjaan tentunya.",5
keren dan bagus,5
top,5
sedang berusaha untuk menjadi baik,3
jos,4
aplikasi nya bagus bangettttttt,5
Sinyal padahal bagus cuman gagal gagal terus bikin emosi,1
keren,5
terimakasih sangat membantu,5
baik,5
ğŸ˜ğŸ‘Baguss,5
burem,1
sangat bagus,5
bagus,5
sangat membantu untuk kita,5
aplikasi the best,5
"oke mantap lah pake canva ini, memudahkan desain",5
Enak aja bisa ngedit Bantu ortu buat lebel keripik bagusss,4
sangat membantu,5
lucu.âœ¨âœ¨ğŸ»,5
"Canva adalah aplikasi editing yang sangat bagus untuk pemula, karna banyak menyediakan tamplate, sehingga mudah untuk pengguna aplikasi yang masih belum menguasai editing",5
kerenn aplikasinya ngga mengecewakan dan ngga kalah bersaing dengan aplikasi lain,5
"aplikasinya sangat bagus dan mudah digunakan, dan fitur fiturnya juga lengkap",5
N wa Inna nama. J,5
bagus,5
uhtpyottpttp,4
mantapp,5
mantap,5
Sangat 2 membantu,5
keren,5
Bagusss syekaliiii,5
"Gak bisa dibuka habis login, fakk",1
"Terbaik,.....",5
mntappp,5
oke,5
sangat membantu saat kesusahan belajar,5
mantap,5
baguuss,4
aplikasi ya sangat bagus,4
I t mo 6 .n. . N,5
sangat bagus,5
bagus,4
"Sangat Buruk sekali untuk di gunakan di hp, ada masalah jaringan, bug, Ngelag, Juga suka keluar masuk terus, yang download pasti nyeselğŸ¤¬ğŸ¤¬ğŸ¤¬",1
GG buat gambar postur iklan dll dalam mengerjakan tugas sekolah Btw gw masih smp,5
cukup membantu,5
baik,4
luar biasa,5
lumayan,5
bagus,5
sangat baik terimakasih canva,5
"Canva ini begitu bagus banget,tapi jangan ngeleg2 lagi dong canva jadi hasilnya agak jelek sama kata adekku""seru banget kak"" makasih y canva",5
ğŸ¥°,1
sangatt membantuuuâ¤ï¸,5
sangat baikk,5
Saya membutuhkan bantuan terkait pembayaran langganan yang gagal. Harus menghubungi kemana?,3
bagusss bgettt,5
sangat baik,5
ok,5
Maaf tidak bisa ngasih lebih soalny ga bisa di dowload,1
very good,4
"bagus,tapi Masih ngebug",4
sangat bagus untuk mengedit ğŸ˜ğŸ˜,5
bagus,5
bagus,5
"semua ada disini ,cocok untuk promosi jualan,",5
bagus sekali,5
Mending,3
Kenapa tdk bisa kebuka aplikasi canva di handphone.. Tulisannya error 403... Kenapa ya... Padahal email udah dimasukan,4
Font nya gak ada yang biasa saja masa tulisan bawahnya tulisan padahal cuma 1 malah 2 beban,1
Top,5
Ok,5
bagus,5
"canva, aplikasi edit terbaik",5
Aplikasi ini membantu editing video dengan mudahğŸ¥ğŸ¥ğŸ¥,4
MantapğŸ‘,5
topğŸ”¥,5
bagus aja,4
ck anj,1
good,5
oke,5
Silmi Dhiya Ulhaq,3
sukak bangetğŸ¤©,5
bagus,5
canva no 1,5
mantap bro,5
terimakasih,4
"gampang buat desain apapun, pokoknya pelajar wajib banget pake apk ini....",5
ok,5
Canva kayak nya baik banget sama aku Aku ricxquees yang rendah tapi pas aku liat hasilnya lumayan,5
kereen,5
Terima kasih sudah saya install dan bagus utk buat banner stiker dll,5
Data pribadi bisa bocor ke darkweb?,3
amazing,5
I love this app,5
baru mencoba pake canva,5
oke lah,5
keren,5
Abdul Qodir,5
bagus,5
yah,1
Sangat berguna untuk berbagai presentasi paling keren dan baik untuk pemula.,5
Luar biasa,5
maaf susah banget saya pake aplikasi ini saya gak ngerti,1
bagus kali,5
sangat membantu,5
sangat membantu sekali,5
good,5
bagus,5
okk untuk membuat ppt & poster,5
Kenapa pilihan ukuran (centimeter) tidak bisa di tekan?,1
Aplikasi yg sangat berguna...,5
bagus,4
oke,5
mantab,5
"Aplikasi udah bagus,setelah update malah bug masalah jaringan.Gagal masuk aplikasi karena jaringan.padahal sinyal hp bagus,pake wifi jg sama saja.Tolong segera perbaiki.",2
lumayan utk belajar,4
sangat b,5
Wis keren teko,2
sangat mudah di gunakan,5
terimakasih Canva,5
elemennya lebih diperbanyak,5
memudahkan pekerjaan,4
Bintang yg bicara,5
"Saya berharap Canva bisa menambah fitur FOLDER pada project design yang tersimpan, agar lebih rapi dalam pengklasifikasian Project yang sudah dikerjakan.",5
nice,5
"Bngst kebanyakan update fitur nya makin ribet dan juga sangat lemot ketika berada di beranda terlalu banyak bug yang menganggu membuat jaringan tidak stabil ketika sedang di dalam beranda, segera perbaiki tolol jangan cuman kebanyakan update terus tapi nyusahin para user blok",1
sangat membantu sekali aplikasinya,5
sangat bagua,5
keren,5
bagus,4
lumayan bagus tapi agak lag dikit,4
Cara mudah membuat berbagai macam desain tanpa harus download berbagai apk berbeda,5
good,5
kren,5
Ka aku mau tanya waktu tambahkan foto ko ga bisa gmn caranya,2
NICE,5
bagus,5
"bagus sekali apk inii, saya suka",5
Aplikasi nya bagus tapi knp harus bayar aku nya g ada uang,3
nyaman sangat terbantu,5
bagus,5
kren,5
Kokol,3
"makin keren, top",5
bagus,5
canva terbaik,5
"Mantap,,bagus sekali ....",5
kece,5
bagus,5
"v , v,",5
best apk,5
bagus karna bisa di pakai untuk mengeditğŸ‘ğŸ»â˜ºï¸,4
Kenapa buka nya selalu muat ulang2 terus,1
Easy and simple to operate,5
BAGUS BANGET DAN JUGA SIMPEL,5
bagus dan berkualitas,5
bagus,3
baguss,5
bisa mengetahui hikmah belajar dari canva,5
Isi dan kelengkapan fitur nya sudah bgus design nya pun beragam..hanya saja..lambat sekali..terlalu menguras energi sampai emosi saya meledak2 karena bug yg lamağŸ¥ºtolong lah cepat diperbaiki.jaringan di kt sudah bagus..untuk membuka app lain.,5
mantapğŸ‘ğŸ‘,5
boleh,5
"Babi jelek hampir semua vip harus bayar,apa lagi lemot padalah ada sinyal bagus huuu jelek",2
"Apknya sih baguss, tapi saya pakai hp ram 8+4 , tetappp lemottttttt apknya, jaringan bagus pdhl, SUMPAHHHH APK BIKIN STRESSS, MAU NGEDIT MALAH EMOSI",1
sangat memuaskan dalam mengedit video,5
keren,5
dengan canva saya dapat membuat jadwal pelajaran â˜ºï¸,1
ok,3
bagus,1
Canva sekarang kenapa ya??? Kok makin lelet? Padahal jaringan ga ngelag sama sekali tapi lemot banget padahal tugas masih numpukk Tolong dong canva diperbaiki lagi agar tidak lemotğŸ™ğŸ™,3
ğŸ‘,4
Bagus tapi kenapa ada item yang pro ya? Itu buat apa?,4
Aku suka bngt sama aplikasi nya cocok buat aku jualan,5
mantap ğŸ‘ğŸ‘ğŸ‘ğŸ‘ sangat membantu,5
ğŸ‘ğŸ»,5
luar biasa,5
berguna bangettt,5
bagus sekali aplikasi ini,5
suka,4
sangat membantu,5
bagus banget,5
bug,1
cakep,5
sangat berguna untuk tugas pelajar,5
"Bagus,dan cocok untuk penyimpanan yg kurang cukup",5
sangat baguss,5
"bagus buat ngedit, cuma tolong bgt canva pro nya kurangkn",4
keren,5
gut,3
bagus banget ğŸ˜˜ğŸ˜˜ğŸ™ğŸ»ğŸ™ğŸ»,5
mantapsss,4
mantap,5
Sangat membantu Untuk bikin ppt,5
Bagus,5
God Apk Editor,5
ğŸ‘,4
"bagus banget,kayakada karakter kalo mau bikin logo",5
bagus sangat membantu,5
bagus bisa berguna untuk kepentingan osis ğŸ¤—,5
"Aplikasi nya bagus banget, tapi tolong di perbaiki lagi yh aku kasih bintang 5 karena fitur nya lumayan lah yah bagus tapi dengan tolong di perbaik bug nya ok segitu aja sekian terimakasih",5
"aplikasinya susah untuk mengedit,lemot,lola,buat buka dokumen susahnya minta ampun,loading terus padahal saya itu nggak pake data pakenya wifi di rumah tapi tetep aja lola,lemot,saran deh diperbaiki tolong,nyusahin banget kalo kaya gini buat saya pelajar yang sering ada tugas dari sekolah mohon tolong perbaikannya",1
aplikasi ini sangat keren,5
"apk nya bagus keren pol mantul, tapi saat digunakan untuk mengedit apk nya jadi lemot",5
make nya agak susah untuk pemula,4
nice,5
"Terima kasih aplikasinya semoga bermanfaat n mohon utk di perbaik lagi karena aplikasi sangat lamban, selalu d muat ulang saat login",5
kerenaih,3
Semoga selalu sehat & sukses buat canva,5
luar biasa,5
"Bagus, mudah di gunakan",5
terbaik,5
Bagus banget karna bisa edit jadwal piket di sekolah,5
good buanget,5
makasi,5
keren,5
Apk nya bagus,5
"Aplikasi rusak,,,sinyal bagus buffering trus.",1
jos,5
Coba dlu,5
suka,5
"Sumpahhhhhh keren bgttt, apalagi ada tambah ai gambar itu... Sumpah makasih bgt lohhh ada fitur ai gambarrrrrğŸ˜˜ğŸ˜˜ğŸ˜˜ğŸ˜˜ğŸ˜˜ğŸ˜˜",5
"Aplikasi yang sangat membantu untuk mengedit pamflet, ppt dan sebagainya. Banyak tamplate yang menarik.",5
sangat membantu,5
bagus,5
"sangat membantu saya dalam membuat poster,brosur dan lain"". makasi telah membuat aplikasi yang sangat bermanfaat",5
Luar biasa,5
sangat menarik,5
"ini kenapa saya tidak bisa login menggunakan akun belajar, kok keluar trus dr apk",2
Very good,5
bagus,5
bagus banget,5
Sangat menarik dan membantu,5
ğŸ‘ğŸ‘ğŸ‘,5
Apk yang bagus untuk ngedit foto dan buat serifikat dan sejenisnya,5
mantul,5
very good,5
bgis skli,3
"bagus, cuman 1 yang kurang gak bisa bikin rangkuman materi materi.",4
greattt,5
bagusss..,5
aplikasi yang sangat bagus,5
good,5
keren banget,5
"Saya akan berikan bintang 5 jika memuaskan,,,,,",4
"apk error ga guna setiap mau masuk muat ulang padahal wifi pake 5G, ganiat bikin apk",1
sangat bagus sekali,5
canva emg luar biasa dan bs diandalkan,5
WiFi dan kuota lancar tapi ttp aja lemot,2
Tolong perbaiki lagi agar aplikasi nya tambah bagus,1
"canvaa :(( kamu ga ada niatan kasi aku premium gratis kahh T_T mau buat struktur kelas tapi canva ga premiumm , love you canvaağŸ¥°ğŸ¥°ğŸ¥°ğŸ¥°ğŸ¥°ğŸ¥°ğŸ¥°ğŸ¥°ğŸ¥°ğŸ¥°ğŸ¥°ğŸ¥°ğŸ¥°ğŸ¥°ğŸ¥°ğŸ¥°ğŸ¥°ğŸ¥°ğŸ¥°ğŸ¥°ğŸ¥°",5
thank you,4
luar biasaa !!,5
sangat bergunaaağŸ‘,5
Aplikasi yang sangat membantu selagi peraktis ğŸ‘ŒğŸ‘Œ,5
Sangat membantu kami untuk membuat perlengkapan persentasi,5
Belum pernah coba ğŸ˜¸ Bercyandaaa bercyanda Bagus kokğŸ‘ğŸ»,3
"sangat membantu, jadi mengerti penggunaan amplikasi ini",5
Apknya bagus aku suka dan hasilnya juga bagus tidak ada kurangnyağŸ‘,5
"kerenn cuyy apk nyaa berguna bangett buat bikin struktur"" begituu anjaaaayyyy",5
bagus,5
terimakasih viedeo sy jadi lebih menarik.. tp masih bingung karna gambar dalam video kepotong jadi gambarnya tidak full,4
Aplikasinya bagus... tapi banyak desain yang pro.. kalau di donlod susah.. terus pas mau donlod waktu donlod yang desain video itu susah.. lama banget.. mnguras waktu sekali.... semoga cepat di perbaiki ya.. agak pengguna tidak bosan saat mngunduh desain dari canva... dan tolonv untuk lebih cepat lagi dalam login ulang atau eaktu penyiapan desain....,2
Very good,5
Sangat membantu buat pekerjaan sehari hari sebagai desainer pemula. Pokoknya best ğŸ‘ğŸ»,5
baru d coba mudah2n bagus,5
Keren,5
sangat bermanfaat bagi saya,5
pokoknya mantaplah,5
"So far, Canva is my favorite applicationâ¤",5
ok,5
"Canva sangat membantu saya untuk mendesain apapun, kelemahannya, audio dari video yang saya punya tidak bisa dimasukkan ke video yang saya buat, jika sudah ada update terbaru dan bagus, saya akan kasih canva bintang 5",5
"Buat canva tolong perbaiki fitur *sesuaikan* nya, di kolom *latar belakang*nya terlalu bawah, deket dengan navigasi handphone kami, jadi sulit utk ngedit nya. Terimakasih",5
sangat bermanfaat sekali,5
sangat membantu sekali,5
ğŸ‘ğŸ‘ğŸ‘,5
"Hallo,canva sangat bagus saya suka,tapi mohon di perbaiki ya,kasih bintang 4 dulu soalnya terkadang lemott canva nya .Terimakasih",4
bagus,4
kereeen,5
amazing,5
keren,5
"Saya suka canva. Namun ntah berjalan pada desktop maupun aplikasi android, tetap lemot. Padahal koneksi sangat aman, penyimpanan aman, dan saya terbiasa menutup tab/aplikasi yang tidak digunakan. Saya juga rajin update aplikasi. Namun canva tetap berjalan berat, lama untuk proses unduh, bahkan untuk pencarian elemen saja kadang tidak berjalan. Tolong segera perbaiki, banyak teman saya yang menggunakan canva mengeluhkan hal sama.",2
ok bgt. . membantu mempercantik ...,5
"Bagus banget apk nya,Saya sukağŸ‘ğŸ‘",5
bagus,4
I SO LIKEDDD!!,5
keren,5
bagus,5
amazing,5
bgus,5
bagus sekali,5
amazing,4
suka karna bisa riqwes warna hijau,4
sangat keren,5
bagus,5
oke,5
Leg bgt,1
bagus,4
sangat membantu untuk pelajar,5
sangat bagus,5
ğŸ˜kereeeennn,5
Dari bintang satu sampai tujuh.,3
"masih mencoba, karena masih pemula",3
sangat membantu n luar biasa..trimakasih,5
sangat bguss aku sukaa ngedit di sinii,4
oo bgs,4
Bagus,5
bagus bgt. sangat membantu,5
Lama amat ngunduhnya amit amitğŸ˜¡ saya cape tau ga nunggu,1
sangat berguna untuk aku yang masih pemula,5
kurangnya apk ini klo mau kembali malah kek baru masuk apk nya,3
susah juga mengoperasikan canva,4
bagus,5
fitur nya sangat bagus,5
sangat membantu,4
"sgtttt mmbntu apk nyaa,gk nyesel download apk canvaaaaaa. thanks you canvaaaâœ¨",5
"aplikasi ini sangat bagus sekali dan banyak membantu terutama untuk presentasi pembelajaran, semoga kedepannya tambah bagus lagi.",5
nice,4
good job,4
aplikasi yg mudah dijalankan,5
sangat bagus,5
bagusss,5
bagus,5
keren,5
sangat membantu,5
bagus baget puas dengan hasilnya,5
alasan kasih bintang 1: 1. ga bisa log in akun belajar di aplikasi 2. aplikasinya lambat bangettt:( padahal internet bagus dan penyimpanan masih banyak 3. suka ngelag mohon diperbaikiiiiiiiii,1
mantappp,5
terbaik,5
Aplikasi nya bagusss,5
"aplikasinya bagus,lengkap juga, tapi sygnya suka ngelagğŸ˜­",4
oke,5
"Canva bagus, simple, bravo",5
baik,5
good,5
"bagus, banyak stiker dan templatenya jadi enak deh gausah repotÂ² ngedit sendiri",5
Ini sangat berguna sekali ğŸ‘,5
"sangat membantu, bagus untuk pelajar",5
Aplikasi nya sangat rekomendasi untuk edit foto,5
Mantap sangat mudah dan membantu pekerjaan,5
Aduh sayang banget Lambat lemot,2
ini sangat bi,5
bagus,4
gaga bet,5
Ini kalau premium satu kali pembayaran atau bulanan sih. Kalau satu kali pembayaran ya oke kapan waktu beli.,3
sangat bagus,5
Good,5
bgus,5
sangat membantu dalam membuat presentasi dan mudah,5
Fagus,5
sangat bagus,5
ok,5
Sengaja ya bikin aku marahğŸ˜¡,1
bagusss babgettttttt,5
Cari Ide Buat Logo Jadi Mudah,5
sangat membantu,5
Lumayan kadang masi ada bug,4
bagus,5
sngt bgus,5
Anak Desing Grafis butuh bngett ini bagus bagus ğŸ˜,5
apk nya bagus,5
Keren,5
Lumayannn bagusss,4
sangat membantu untuk kerja tugas sekolah,5
keren bgt..JD gampang klo bikin poster,5
"mantap ,....",5
Aplikasi lag padahal jaringan bagus bikin emosi aja,1
Aplikasi yang sangat bagus dan bermanfaat. Menyediakan template banyak dan tinggal pakai mantabbbb,5
sungguh gembira dapat menciptakan karya yang menakjubkan di canva,5
belum faham cara membuat theme dengan app ini,3
keren ngebantu banget yg buka usaha,5
bagus sekali aplikasi canva karena di sini kamu bisa mendapatkan ide apapun yang menarik yuk cobain ğŸ˜†ğŸ˜…ğŸ˜,5
baik,4
ajib,5
aplikasi yang sangat membantu untuk editing foto,5
baik,4
"Saya kasih bintang 3 dlu klu editan video,fto dan logo ny bagus baru saya kasih bintang 5 full",3
sangat bguss,5
Nice,5
baik,1
"Saya sangat suka dengan aplikasi canva ini, sangat memudahkan saya untuk mebuat desain poster, sticker bahkan untuk postingan di instagram saya. Menggunakannya pun mudah tidak ribet, dan bisa di gunakan secara free juga jika mau upgrade ke premium baru di bayar dan di bayarpun cukup murah menurut saya. Semoga semakin bagus kedepannya",5
"Mudah, cepat dan keren. Sangat membantu saya dalam dunia editing",5
Lebih bagus lagi kalo gratis',4
Bagus tp buat hp lemot,5
Mantap,4
sumpah membantu banget disaat lagi urgent bikin poster buat perizinan canva solusi terbaik.,5
Andry ksh bntang dlu,2
Aplikasi yang sangat bagus dan membantu untuk freelance,5
bagus banget,5
Bagus n keren. Membantu design cepat,5
Baik,5
Bagus,5
Aku suka bgt karena praktis,5
the best,5
bagus,5
Menurut saya canva memeberikan nuansa yg baru dan kemudahan untuk editing photo dan vidio,5
mantul,5
sangat bagus,5
"Aplikasi keren buat kreasi baik pemula maupun yg udah pro, dan sangat membantu buat semua konten",5
Canva ini sangat bagus Tetapi harus online Saran saya ada mode offline,4
sangat membantu dalam membuat tugas,5
luar biasa jadi mudah edit foto vidio,5
ğŸ‘ğŸ»,5
mudah dan gratis mempermudah umkm,5
Sangat membantu kinerja desain,5
Bagus,5
ğ’˜ğ’ğ’˜,5
good,5
lumayan,3
ğŸ˜¡ğŸ˜ ,1
sangat membantu,5
mantap,5
Sangat membantu,4
baikla untuk kali ini aku kasih bintang 4...hanya ukurannya kenapa muncul di bagian bawah sekali ya agak susah klik,4
Bagusss,1
mantap,5
bagusss,4
good,5
Di android versi 12 error terus. Tidak bisa masuk akun belajar.id,1
jossss,5
sangat membantu,5
ok,5
saya senang menggunakan aplikasi ini,3
mantaf,5
bagus,5
ok,1
"sebagai pengguna, saya mau bertanya. kenapa setiap saya beri fitur ""patokan"", bagian baris selalu tidak muncul? please, butuh banget bantuannya",4
luarbiasaa,5
Aku pakai canva selalu tidak bisa makanya aku pakai hp uti ku,2
Bagus mah,3
"Sangat membantu untuk desain pemula,ok deh",5
mantap,5
mantap,5
"Kenapa ya setelah di instal tidak bisa di buka hanya muncul layar putih dan bertuliskan canva, mohon penjelasannya",1
sangat bagus,5
mantap,5
Sangat membantu untuk yg tidak bisa desain,5
bagussss bgt,5
sangat bagus,5
mantap,5
"Bagus, keren, dan menarik",5
Mantap,5
cukup 4 bintang karna kesempurnaan itu hany milik allah.....,4
Bagus hasilnya,5
senang sekali bisa mudah mengedit dg hp,5
cakep gambar nya,5
"puas sekali,,",5
baik,2
mantul,4
bagus,3
bagus,4
mateb,5
Good,5
Apliaksi yg bgus sbnar nya . Tpi harus berbayar... Sangat tidak rekomendet..,1
keren aplikasinya sangat suka,5
"Bagus bgt sbnernya tpi mau pindah ke pro, udh mau byr via google / dana ttp aja error yatuhan ......",3
Sementara ini aplikasinya bagus gak ada masalah. Tetap pertahankan. Good job.,4
aplikasi yg bagus,3
saya sangat suka aplikasi ini,5
keren,5
Semoga Semakin keren,5
good,4
"Saya izin saran. Supaya ada pengembangan untuk bisa Warna Font bisa Gradiasi. Terima kasih, kami Desainer sangat terbantu untuk menghasilkan Karya yang maksimal mengunakan CANVA.",5
â­â­â­â­â­â­â­,5
"CANVA BAGUS SIH, TAPI KENAPA SERING BUG SIH? UDAH PREMIUM LOO. DESAIN AKU ILANG 2 KALI. GABISA DI SAVE! JADI NGERJAIN ULANG, BUANG"" WAKTU. WAKTU DI RESTART MALAH HILANG, TOLONG DIPERBAIKI PLEASEEE",2
bagus,5
bagus tapi agak ribet,5
kok gk bisa aplot logo facebook ya,5
good,5
Pake canva kek gimana gitu misal ya aku mencet yg A eh mlh jdi mencet yg B kek ngelag gitu padahal wifi lancar jaya tpi ko bisa gitu ya?,2
mantap langsung tertunaikan,5
baguss,5
ğ–¨ğ—‡ğ—‚ ğ–ºğ—‰ğ—…ğ—‚ğ—„ğ–ºğ—Œğ—‚ ğ—‡ğ—’ğ–º ğ–¢ğ–ºğ—‡ğ—ğ–º ğ–¿ğ—…ğ—‚ğ—ğ–¾ğ—‹ ğ—‡ğ—’ğ–º ğ–»ğ–ºğ—€ğ—ğ—Œ ğ–½ğ–ºğ—‡ ğ–¼ğ—ˆğ–¼ğ—ˆğ—„ ğ—ğ—‡ğ—ğ—ğ—„ ğ—„ğ— ğ—‡ğ—’ğ–º ğ—…ğ–ºğ—€ğ—‚ ğ–»ğ—ˆğ—Œğ–ºğ—‡,5
aplikasi yang sangat bermanfaat,5
mantap,4
The app is very slow to use. App'a sangat lambat digunakan,1
bagus banget,5
good,5
bagus sekali ini aplikasi nya,1
Canva adalah aplikasi yg bagus untuk mengiklankan produk atau karya kita mantap canva,5
"Bagusss bangetttt, canva kerenn 100%",5
Sangat bagus untuk di pakai,5
bagus,5
lalap dg boi login jirrrrrrr,1
Lemot,1
Canva meudahkan pekerjaan editor,5
sangat bagus sekali,5
bagus nih,5
bagus banget gampang juga,5
Pokoknya ini nih baguss bangett,5
bagus,5
bguss,4
mantapppll,5
wow ğŸ˜Š,1
Saya di potong setiap bulan tolong jelaskan padahal sudah unistal.. berlangganan otomatis sendri,1
"Kak saran dong pembayaran canva jangan cuma lewat kartu kredit, karena mungkin banyak dari temenÂ² yg gak punya kartu kredit, tolong dimudahkan dalam pembayarannya kak.",3
"terimakasih atas bantuannya,",5
canva sangatembantundalam tugas tugas sayav,5
Ibarat nya gini wirr kita ga punya laptop tapi kita punya canvağŸ˜†,5
Goodd I like it,5
i like for apk,5
Bagus,5
bagus banget,5
Aplikasinya sangat bagus. Tapi dipakenya lemot. Semoga pihak pengembang bisa segera mengatasi permasalahan tersebut.,1
sangat membantu tugas kuliah sayaaa,5
aplikasi yang bagus untuk mengedit poster,5
Aplikasi ini sangat membantu dalam mengerjakan tugas saya.. Trimakasih canva,5
"Aplikasinya sangat membantu saya dalam pekerjaan, sangat mudah digunakan dan memiliki banyak varian template yang menarik ğŸ‘",5
Good,5
Sering eror saat proses edit.ğŸ¤¦ğŸ¤¦,2
ğŸ‘ğŸ‘,5
"Sangat bermanfaat, syukron ğŸ˜Š",5
â­â­â­â­â­,5
joooos.. TOP BGT,5
cukup memuaskan,3
Mantap ğŸ‘ğŸ‘ğŸ‘,5
Harus banyak belajar lagi,3
keren,5
bagus banget utk membuat bahan ajar,5
aplikasi yang sangat membantu,5
bagus,5
lumayan bagus,3
saya sangat senang menggunakan aplikasi ini tugas2 kantor jadi mudah untuk di kerjakan.....keeerreeenn laahh pokoknya,5
bagus sekali,5
mantap untuk di gunakan,5
keren,5
Kenapa harus ada premium sihhh Aku mau buat struktur kelas malah semua berbayar.ğŸ˜­ğŸ˜­ Jadi GK bisa buat dehh,2
sangat bagus dan sangat membantu jika aku sedang ada tugas sekolah saya intinya aplikasinya baguss bngttt bngttğŸ’—ğŸ’—ğŸ’—ğŸ’—ğŸ’—ğŸ’—ğŸ’—ğŸ’ğŸ’ğŸ’âœ¨âœ¨ğŸ¥¹ğŸ¥¹ğŸ’—ğŸ’—,5
sangat baik dan bermanfaat,5
"bagus, sangat membantu",5
aplikasinya bagus,5
sangat bagus,5
keren membantu,5
"Baguss,Template nya juga Lucu lucu",4
bagusÂ²,5
Awwaa,5
bagus banget,5
Mantap,5
"canva sangat membantu, terima kasih canva",5
sangat membantu dalam urusan saya. terimakasih,5
Keren bgtttğŸ‘ğŸ»ğŸ‘ğŸ»ğŸ‘ğŸ». Mempermudah segala urusan dalam pekerjaan,5
sagat membantu kalo sedang kerja pr,5
bguss,5
cakkkepp bgt ni aplikasi,5
Aplikasinya bagus sangat membantu saat pengeditan,5
aplikasinya sangat bagus,2
topp,5
oke juga aplikasi sangat membantu,5
"Canva keren apalagi sejak ada Studio Ajaib tapi tolong dong, fitur ""perluas ajaib"" diperbaiki sudah dua hari ini tidak bisa digunakan. Mohon diperbaiki segera, karena fitur itu membantu sekali. Terima kasih Canva.",5
bagus banget membantu,4
",ğŸ‘",3
mantap,4
"Suka dan sangat membantu terutama untuk pemula. Mudah digunakan, ada ribuan template dan video yang tersedia dan siap digunakan. Desainnya mewah dan menarik.",5
aplikasinya bagus bgt,5
sangat bagus,5
"Bgs membantu mungkin..cm Sangat lambat, agak sedikit ribet bagi pemula.",1
Sangat bermanfaat,5
sangat membantu dalam pembelajaran PAUD,5
baik,4
bagus sekali dan gampang ğŸ’—,5
baik,3
Test dl,4
"Aplikasi canva sangat menarik banyak pengeditan video, foto, dan logo yg lebih bagus",5
"mantap,desain apapun yang dibuat dengan imajinasi akan terpenuhi",5
baguss,5
SANGAT MENARIK,5
sangat baik,3
Ok si,5
Alhamdulillah sangat bermanfaat,5
sangat membantu,5
keren,4
sangat puas canva membantu saya untuk mengedit tugas,5
ğŸ‘ğŸ˜˜,5
aplikasi bagus,5
Aplikasi ini sangat membantu saya dalam mendesain. Dan tentunya hasil desain pun sangat memuaskan. Saya kasih bintang 5 the best,5
food,5
"Ada banyak fitur yg sangat membantu dalam membuat desain, pilihan elementnya juga banyak, tapi akhir-akhir ini berjalan sangat lambat untuk mengunggah, mendownload, bahkan hanya untuk membuka desain diperlukan waktu cukup lama, padahal koneksi intermellnet lancar dan memori sisa banyak. Untuk developer tolong perbaiki lagi masalah terkait semakin lamanya canva dalam merespon perintah. Terima kasih",2
Bagus,4
kerja bagus,5
Aplikasi ini sangat membantu untuk membuat poster poster yang bagus,5
simpel bermanfaat terimakasih canva,5
bagus,5
Sering susah masuk pk belajar.id,1
Kalo bisa kasi tutorial nya dong emang bagus ini apl nya tapi ga bisa cara makenyağŸ¤”ğŸ˜­,5
ok,4
sangat membantu,5
top,5
Sangat siple,5
bagus Syekalii,1
Aplikasi ini bagus. Dapat membantu siswa yang ingin membuat desain cover buku. Tolong lebih dikembangkan lagi. Ini sudah sangat bagus kok. Semangat ya,5
sangat mensupport dalam segala aktifitas pekerjaan... ğŸ‘ğŸ‘ğŸ‘,5
bagus,5
Bagussy,5
Aplikasih ini sangat membantu bagi saya,1
yupzx,4
mudah untuk mengedit,5
Gembel,1
oke banget pokoknya mah,5
ga bisa masuk rudeut,1
bagus cuma suka ngelag dikit,5
i like,5
"Bagus, komplet, dan simpel.",5
Ok,5
canva keren,5
menarik dan menyenangkan,5
"cepat, sederhana,hasil baik",5
bagus,5
"Untuk fitur fitur yang ada di dalamnya sudah bagus, Tapi tolong kepada developer perbaiki bugnya yaitu jaringannya. Padahal jaringan di rumah udah sangat bagus, tapi pada saat mengedit vidio/tugas lemot banget.... Tolong segera diperbaiki soalnya banyak tugasğŸ™ğŸ™ğŸ™ğŸ™ğŸ™",3
Semoga bermanfaat terimakasih,5
A Ml,2
Keren,5
sangat bergunağŸ‘ğŸ‘,5
ap Nya bgss,5
Maaf untuk bintang 1 nya ini kenapa saldo saya ketarik yaa sebesar 105 ribu padahal sudah tidak ada berlangganan lagi ğŸ™,5
sangat bagus,5
the best,5
best,5
not bad but not good.,4
Ok,4
mantaf,5
baik,4
mantap,5
terima kasih telah membatu presentasi kamiğŸ˜‡,5
Sangat membantu,5
cukup bagus dan menarik buat mengedit,3
Sebenarnya bagus tp dia agak lambat,2
kereeen,5
bgus,5
keren,5
baik,1
Easy,5
kren appsnya,5
good,5
keren,5
sngat luar biasa membantu,5
gacor kang,5
Aplikasi bagus tetapi banyak lag jika di android tetapi kalau di chrome tidak ada lag sama sekali,4
baguss bngt keren canva bisa membantu buat tugas ah perfek pokoknya â¤â¤â¤â¤,5
sangat bagus,5
Bguss bangett,5
Mantap,2
"Kini tak perlu kesulitan lagi klo ingin membuat walpaper, stiker, video, kartu ucapan dsb..cukup canva aja di google play store.",5
Tidak bagus trlalu jelek,1
terms kasih,5
âœï¸,5
Aku udah coba canva di leptop aku bagus banget jadi aku donlod di hp,5
keren,5
sangat memuaskan dari aplikasi canva,5
mantap,5
"Aplikasinya sangat buruk, karena lemot padahal jaringanya bagus",1
semoga di TF 100k kan udah di kasi bintang 5,5
sangat memuaskan,5
Verry good,5
